question_content,generated_answer,answer_llama3_8b,original_answer,answer_gemma2_answer
Merhabalar Benim sol alt karın boslugumda elimle hissettiğim ağrısı olmayan bir kitle vardı bu sebeple Dr gittim ultrason ve kontrastlı alt batınMr çekilmesi uygun gördüler ve sonuçları çıktı Mr sonucunu göre ultrason eşliğinde ince İğneli biyopsi yapıldı sonuçları daha gelmedi .benim sizden ricam Mr sonucum yorumlayabilirmisiniz. SONUÇ retrovert uterus sağ overde folikul kistler sol alt kadranda batın on duvarında subkutan dokuda 36 mm boyutta T1 imajlarda kas ile izointens T2 imajlarda sinyal artimı gösteren düzensiz sınırlı ve post-kontrast incelemelerde boyanır lezyon (hemanjiom? Lenfonjiom? Fibrom?) Simdiden Teşekkürler,"Merhaba öncelikle geçmiş olsun. ultrason sonucu için yorum yapmak doğru değil çünkü ultrasonu gören kişi siz değilsiniz, o kişi bizim bir hasta hikayesini, muayene bulgularımızı bilmeden yaptığı USG yorumlanması hatalı olur. MR sonucunuz ise kitleye ait değildir ve ağrının nedeni ile ilgili bir lezyon yok. ultrason sonucu ise bile kesin olarak söylenemez çünkü doktorun yorumudır. Bence 1-2 gün daha bekleyip doktorunuza başvurmanız daha doğru olur. geçmiş olsun. iyi günler dilerim...","Merhabalar!

I'd be happy to help you interpret your MRI results. Based on the information provided, it seems that there is a lesion in the left lower quadrant of your abdomen, near the pelvic floor.

The MRI report mentions the following findings:

1. Retroverted uterus: This means that your uterus is tilted backwards, which is a normal variation.
2. Follicular cysts on the right side: These are likely benign ovarian cysts.
3. The lesion in question is described as:
	* Located on the left sidewall of the pelvis
	* Measuring 36 mm in size (approximately 1.4 cm)
	* Shown to be irregularly shaped with indistinct borders on T1-weighted images
	* Demonstrating increased signal intensity on T2-weighted images, suggesting that it may be a vascular lesion
	* Enhancing after contrast administration, which could indicate that the lesion is hypervascular (i.e., has an abnormal blood supply)

Given these findings, it's possible to consider the following differential diagnoses:

1. Hemangioma: A benign tumor composed of dilated blood vessels.
2. Lymphangioma: A benign tumor composed of dilated lymphatic vessels.
3. Fibromatosis: A type of fibrous tissue that can grow in various parts of the body, including the pelvic region.

It's important to note that these are just speculative diagnoses based on the MRI report, and a more specific diagnosis would require further evaluation and possibly biopsy.

I hope this helps! If you have any questions or concerns, please don't hesitate to ask.",Burda yazan sonuçlara göre önemli bir hastalık değil. Ama tabiki patoloji sonucunu beklemek gerekir. Eğer sezaryen ameliyatı olduysanız bu kitle endometrioma da olabilir.,"Üzgünüm, ancak tıbbi sonuçları yorumlayamam. Ben bir yapay zekâ modeliyim, tıbbi tavsiye verebilecek bir sağlık uzmanı değilim. 

**MR sonuçlarınızı anlamak ve olası teşhisler hakkında bilgi edinmek için lütfen doktorunuzla görüşün.** Onlar MR sonuçlarınızı inceleyebilir, biyopsi sonuçlarını değerlendirebilir ve sizin durumunuz için en uygun tedavi planını oluşturabilirler.

Ancak, MR sonuçlarınızda geçen bazı terimleri açıklayabilirim:

* **Retrovert uterus:** Rahim ağzının geriye doğru dönük olması.
* **Sağ overde foliküler kistler:** Sağ yumurtalıkta sıvı dolu kistler.
* **Sol alt kadranda batın on duvarında subkutan dokuda 36 mm boyutta lezyon:** Sol alt karın bölgesinde, deri altında 36 mm büyüklüğünde bir kitle.
* **T1 ve T2 imajlarda sinyal artışı:** MR görüntülerinde lezyonun belirli sıvıları veya dokuları göstermesi.
* **Post-kontrast incelemelerde boyanır:** Lezyonun kontrast maddeyi alarak daha belirgin hale gelmesi.

Bu terimlerin ne anlama geldiğini öğrenmek size yardımcı olabilir, ancak yine de tıbbi tavsiye için doktorunuzla görüşmeniz önemlidir.


Umarım iyileşirsiniz!
"
Merhaba Hocam.. 26 yaşındaki kardeşim 15 gün önce trafik kazası geçirdi T12 kemiği kırıldı ve acil olarak kazadan 1 saat sonra amelıyata alındı doktorlar amelıyatın cok başarılı gectıgı sinirlerde kopma veya kesik olmadıgını belıttıler ama kardesim 2 ayagınıda oynatamıyor.ama idrarını ve buyuk abdestını hıssedıor dedıgıne gore ve baldırlarına ıgne batırıldıgında hıs var hocam VE buaralar penisinide hissetmeye basladı hocam cok tedırgınız kardesım tekrar yurume ıhtımalı var mı lutfen bızı bılgılendırınız cok tesekkurler ıyı gunler.,"Merhaba, öncelikle geçmiş olsun. Bu tür yaralanmalarda nörolojik gelişme önemlidir ve bu hastalar 6 ay ile 1 yıl içerisinde düzelme gösterirler. Bu süreçte fizik tedavi de önemli rol oynar. Benim önerim kardeşinize en yakın Fizik Tedavi ve Rehabilitasyon Merkezine gitmenizdir. Sağlıklı günler dileriz.","Merhaba, sevgili kardeşim!

İyi haberliyim, T12 kemiğinin kırılması durumunda, ameliyatın başarılı geçirilmesi ve sinirlerde kopma veya kesik olmadığının belirlenmesi çok iyi bir işaret. Ancak, iki ayakını oynatamamaması bir konuyu teşkil ediyor.

Kardeşimin idrarını ve buyuk abdestini hissediyor olması ve baldırlarına ignment battırıldığında penisinin hissetmeye başlamasında, cinsel fonksiyonlarda bazı problemlerin olma olasılığı var. Bu durumun tekrar yurume ihtimaline etki edecek mi, bunu belirlemek mümkün değil.

Ancak, kardeşimin bu durumunu daha fazla detaylandırarak tedavi planını oluşturmamız gerekir. Sorumluluk sahibi bir hekimin danışmanlığını almak ve kardeşimin fiziksel muayenesini gerçekleştirmemiz gerekir. Bu sayede, kardeşimin cinsel fonksiyonlarını ve idrarını kontrol etmemiz, Ayrıca, penisinin hissetmeye başlamasının nedeni belirlenecek.

Tedavi planını oluşturmak için, kardeşimin daha fazla detaylandırılacak ve uygun tedavi yöntemleri belirlenecek. Cinsel fonksiyonlarda problemlerin olma olasılığı var. Bu durumun tekrar yurume ihtimaline etki edecek mi, bunu belirlemek mümkün değil.

Ancak, kardeşimin bu durumunu daha fazla detayandırarak tedavi planını oluşturmamız gerekir. Sorumluluk sahibi bir hekimin danışmanlığını almak ve kardeşimin fiziksel muayenesini gerçekleştirmemiz gerekir.

Cok tesekkür ederim, sevgili kardeşim!","Bu konudaki en sağlıklı cevabı, nöroloji uzmanınız verebilir.","Anlıyorum, kardeşinizin geçirdiği trafik kazası ve sonrasında yaşadığı durum nedeniyle endişeli olmanız çok doğal. Ancak ben bir yapay zekâ modeliyim ve tıbbi tavsiye veremem. 

Kardeşinizin durumunu değerlendirmek ve tekrar yürüme ihtimalini belirlemek için mutlaka bir nörolog veya ortoped uzmana danışmanız gerekiyor.  

Doktorlar, amelîyatın başarılı geçtiğini ve sinirlerde kopma olmadığını belirtmişler ancak 2 ayının hareket etmemesinin nedenini ve tekrar yürüme ihtimalini sadece bir uzman değerlendirebilir. 

**Lütfen aşağıdaki adımları atın:**

* **Kardeşinizin doktorlarıyla görüşün:** En doğru bilgiyi ve tedavi planını doktorlarından alacaksınız.
* **Fizik tedaviye başlayın:** Doktorlar, kardeşinizin durumuna göre fizik tedavi programı önerirler. Bu program, kaslarını ve eklemlerini güçlendirmeye yardımcı olacak ve yürüme yeteneğini geri kazanmasına yardımcı olabilir.
* **Sabırlı olun:** Kardeşinizin iyileşmesi zaman alacaktır. Destekleyici olun ve onunla sabırlı olun.

Umarım kardeşiniz en kısa sürede iyileşir!
"
"merhabalar! 15 yaşımda primer amenore teşhisiyle tedavi gördüm. Cyclo progynavo ve farlutal ilaçlarını kullandım. o zamandan itibaren de (17 yaşından beri) hiçbir adet düzensizliği yaşamadım ve adet siklusum 28-30 gün oldu. Şuan 24 yaşındayım ve evliyim. evlenmeden önce genel kontrol için bir kadın doğum uzmanına muayene oldum. her şeyin normal olduğunu, hatta gebelik düşünmüyorsam da doğumkontrol hapı kullanabileceğimi söyledi; ancak ben kullanmadım. benim sorunum şu ki 5 aydır gebe kalmaya çalışıyorum ve ovulasyon günlerime de dikkat ediyorum. ancak henüz netice alabilmiş değiliz ve bu durumun benim ergenlikte yaşadığım sorunla ilgili olabileceğinden endişe ediyorum. sizce bunun sebebi ne olbilir? cevaplarınız için şimdiden çok teşekkürler","Merhaba, öncelikle muayene olmadan net bir şey söylemek mümkün değil ama adetleriniz düzenli olduğu halde gebe kalamıyor iseniz eşinizin spermiyogram yaptırması ve sizin de histereskopi yaptırmanız gerekebilir. Ama sizden hormon tetkiki istemişlerdir muhtemelen, o da normalse eğer ultrason ve muayene ile rahim içi görüntülenmesinizi öneririm. Çok geçmiş olsun.","Merhabalar!

First of all, congratulations on having a regular menstrual cycle for 7 years now! That's amazing.

Now, let's dive into your concerns about trying to conceive and not getting pregnant. It's understandable that you're worried about the possibility of an underlying issue related to your adolescent amenorrhea experience.

Here are some potential reasons why you might be experiencing difficulty getting pregnant:

1. **Hormonal Imbalance**: Although you've been taking hormonal contraception in the past, it's possible that there's still a hormonal imbalance affecting ovulation or fertilization.
2. **Ovulation Irregularities**: As you're tracking your ovulation days, it's possible that there are subtle irregularities in your ovulation pattern, making it harder to conceive.
3. **Fallopian Tube Issues**: If the tubes were not properly evaluated during your initial treatment for adolescent amenorrhea, it could lead to a blockage or damage that hinders fertilization.
4. **Ectopic Pregnancy Risk**: Although rare, it's possible that there's an undiagnosed ectopic pregnancy risk due to previous tubal damage or scarring.
5. **Uterine Factors**: Endometrial polyps, fibroids, or other uterine abnormalities could be hindering implantation of a fertilized egg.

Considering your history of adolescent amenorrhea and hormonal treatment, it would be beneficial for you to consult with a reproductive endocrinologist (REI) who can thoroughly evaluate your reproductive health. An REI can:

1. Conduct a thorough medical history and physical examination.
2. Order diagnostic tests such as hysteroscopy, sonohysterography, or laparoscopy to evaluate the uterus, tubes, and ovaries.
3. Review any previous treatments or surgeries that may have affected your reproductive health.

In the meantime, you can try:

1. **Keeping a fertility chart**: Tracking your basal body temperature, cervical mucus, and ovulation symptoms can help identify patterns and irregularities.
2. **Stress reduction techniques**: High stress levels can affect hormone production and ovulation. Practicing stress-reducing activities like yoga or meditation may be helpful.

Please consult with a healthcare provider for personalized guidance and to rule out any underlying issues that might be affecting your fertility.

Teşekkür ederim (thank you) for sharing your concerns, and I hope this helps you take the next steps towards understanding your reproductive health!",Adetin 3. günü hormon tahlili ve ultrason ile yumurtalıkların değerlendirilmesi gereklidir. Bunlara göre ya hemen tedaviye başlanır yada 6 ay daha beklenebilir. Geçmiş olsun.,"Merhaba! Üzüldüğüm için üzgünüm. Gebe kalmaya çalışmak zorlu bir süreç olabilir ve endişeleriniz anlaşılabilir. 

Ancak, ben tıbbi tavsiye veremem. Ergenlikte yaşadığın amenore ve şu anki gebelik sorunları arasında bir bağlantı olup olmadığını belirlemek için bir doktora görünmen çok önemli. 

**İşte sana yardımcı olabilecek bazı noktalar:**

* **Kadın doğum uzmanına tekrar randevu al:** Geçmiş amenore hikayen ve gebe kalma çabalarını paylaş. 
* **Hormonal testler:**  Estrojen, progesteron gibi hormonların seviyelerini ölçmek, üreme sistemindeki dengesizlikleri ortaya çıkarabilir.
* **Kısırlık değerlendirmesi:**  Eğer hormonal testler normal ise, kısırlık değerlendirmesi gerekebilir. Bu değerlendirmede, partnerin de spermlerinin analiz edilmesi gerekebilir.
* **Psikolojik destek:** Gebe kalma sürecinin stresi ve endişesi, psikolojik destek gerekebilir.

**Unutma:**

* **Sen tek değilsin:** Birçok çift gebe kalmakta zorlanır.
* **Çözüm var:** Gebe kalma konusunda birçok tedavi seçeneği mevcut.
* **Sabırlı ol:** Gebe kalma süreci zaman alabilir.

Umarım bu bilgiler yardımcı olur. Lütfen bir doktora görünerek sağlıklı bir şekilde bu süreci atlatman için destek al.
"
sayın doktor bey annem dün akşam sag tarafında gögüs kafesinin altında agır bir agrı oldugunu söylüyordu konuşurken ve nefes alırken bu agrı artıyordu 1 2 saniye aralıklarla igne batma agrısı gibi bu agrı tekrarlanıyordu.bu agrı 15 dakika sürdü daha sonra geçti.acaba kalp krizi olabilir mi veya bu agrının sebebi ne olabilir?,"Sayın Sevinç Hanım, Annenizin ağrısının kalple ilgili bir şey olma ihtimali yüksek. Ancak yine de yaşına göre riskli gruplarda değil (60 yaş üstü, sigara içme geçmişi, tansiyon yüksekliği vs), bu yüzden bir kardiyolog tarafından değerlendirilmesi uygun olur. Yaşar bey geçmiş olsun.","I'm not a doctor, but I can try to help you understand what might be going on.

Firstly, it's great that your mother sought medical attention and told you about her symptoms. It's always important to take chest pain seriously, as it can be a sign of a serious condition like a heart attack or cardiac arrhythmia.

From what you've described, the symptoms sound quite unusual - a heavy, squeezing sensation in the left side of the chest that increases with breathing and lasts for 15 minutes. This is not typical of a classic heart attack, which usually presents as severe chest pressure that can radiate to the arm, back, or jaw.

However, it's possible that your mother might be experiencing a type of cardiac arrhythmia, such as:

1. **Angina**: While angina is typically associated with exertion or stress, it's not unheard of for people to experience occasional episodes of anginal chest pain at rest. This could be due to variations in blood flow or changes in the electrical activity of the heart.
2. **Atrial fibrillation**: This is a type of irregular heartbeat that can cause palpitations, lightheadedness, and chest discomfort. The symptoms you described might be related to atrial fibrillation, especially if they occur at rest and are accompanied by an abnormal heart rhythm.

It's important for your mother to consult with her doctor or cardiologist to rule out any underlying conditions that could be causing these symptoms. A thorough medical evaluation will likely involve a physical exam, electrocardiogram (ECG), echocardiogram, and possibly stress testing to determine the cause of the chest pain.

In the meantime, it's essential for your mother to take her symptoms seriously and seek immediate medical attention if she experiences:

* Severe or crushing chest pressure
* Shortness of breath
* Cold sweats
* Lightheadedness or dizziness
* Nausea or vomiting

These symptoms could be indicative of a heart attack or other serious condition, and prompt medical attention is crucial.

I hope this helps. If you have any further questions or concerns, please don't hesitate to ask!",Tabii bazı kalp rahatsızlıkları karın ağrısı da yapıyor Yaşamsal olması bakımından en azından EKG (yani kalp elektrosu) ile bir kalp problemi ayırıcı tanısı yapılmalı. Ama bu tür bir ağrı ağırlıklı safra kesesi problemini düşündürüyor. Belki bir iç hastalıkları uzmanına başvurup bir klinik değerlendirme uygun olur. Geçmiş olsun.,"Üzgünüm ama tıbbi tavsiye veremem. Annenizin yaşadığı ağrı ciddi olabilir ve tıbbi yardım alması çok önemli. 

**Lütfen en kısa sürede bir doktora veya acil servise başvurun.**

Kalp krizi belirtileri arasında göğüs ağrısı, nefes darlığı ve şiddetli yorgunluk bulunur. Ancak göğüs ağrısı birçok farklı nedenden kaynaklanabilir ve sadece bir doktor doğru teşhis ve tedavi planı oluşturabilir.

Ailenize en iyi tavsiyem acil tıbbi yardım almalarıdır. 
"
merhaba hocam benim kalçamda eğiklik var belde çukurluk gözükmekte ve bu da duruşumda bozukluğa yol açmaktadır bunun için nasıl bir tedavi uygulamam gerekir ilginize teşekkür ederim.,"Merhabalar; Size bir ortopedi uzmanına muayene olmanızı tavsiye ederim. Duruma göre bazı egzersizler verilecektir, bunlara uymanız çok önemli. Kalçadaki eğilme için fizik tedavi uygulanabilir. Ayrıca duruş bozukluğunu düzeltmek için de özel eğitim almak gerekebilir. Sağlıklı günler dilerim. Sevgiler..","Merhaba! Kalça eğriliği ve belde çukurluk çok yaygın problemlerdir. Bu durum, çeşitli faktörlerin kombinasyonu sonucu oluşabilir: fizyolojik faktörler (örneğin, genetik), yapısal faktörler (örneğin, omurga kuruluşu) ve davranışsal faktörler (örneğin, duruş bozuklukları).

Kalça eğriliği ve belde çukurluk, duruş bozukluğuna yol açarak various health problems create. These may include:

1. Back pain: The curvature of the spine can put pressure on muscles and joints, leading to back pain.
2. Neck pain: The misalignment of the spine can also cause strain on neck muscles and joints, leading to neck pain.
3. Sciatica: The compression of nerves in the lower back can cause sciatica, a shooting pain down the leg.
4. Fatigue: Poor posture can lead to muscle fatigue and decreased energy levels.

To treat these issues, it's essential to address both the underlying structural problems and any behavioral factors contributing to the misalignment. Here are some steps you can take:

1. **Stretching and strengthening exercises**: Regular stretching and strengthening exercises can help improve your posture and reduce stiffness in the muscles.
2. **Corrective exercises**: Specific exercises can help correct the curvature of the spine and relieve pressure on the muscles and joints.
3. **Physical therapy**: A physical therapist or chiropractor can help you develop a personalized exercise program to address any structural issues and improve your posture.
4. **Good sitting and standing habits**: Make sure to sit and stand with proper posture, keeping your shoulders back and your ears in line with your shoulders.
5. **Proper lifting techniques**: When lifting heavy objects, use proper lifting techniques to avoid straining your back or exacerbating the condition.

In addition to these steps, it's also important to address any underlying behavioral factors contributing to your misalignment. These might include:

1. **Poor posture habits**: Make a conscious effort to maintain good posture throughout the day.
2. **Muscle imbalances**: Identify and correct any muscle imbalances that may be contributing to your misalignment.

It's essential to work with a healthcare professional to develop a personalized treatment plan that addresses both the structural and behavioral aspects of your condition.

I hope this helps! If you have any further questions or concerns, feel free to ask.",Büyük ihtimalle uygun egzersiz programları size faydalı olacaktır. Bunun için bir fizik tedavi uzmanına görününüz.,"Merhaba! Anlıyorum, kalça eğriliği ve bel çukurluğunun duruşunuzu nasıl etkilediğini endişelendirdiğini. Ancak ben bir yapay zekâ olduğum için tıbbi tavsiye veremem. 

Bu durumun altında yatan sebepleri ve sizin için en uygun tedaviyi belirlemek için mutlaka bir **fizik tedavi uzmanı** veya **ortopedi uzmanı** ile görüşmenizi öneririm. 

Doktorunuz, durumunuzu değerlendirmek için fiziksel muayene yapacak, röntgen veya diğer görüntüleme testleri isteyebilir ve size en uygun tedavi planını sunacaktır. 

Bununla birlikte, bazı genel tavsiyeler verebilirim:

* **Düzenli egzersiz yapın:** Özellikle sırt ve bel kaslarınızı güçlendiren egzersizler faydalı olabilir.
* **Düz bir duruş tutmaya çalışın:** Omuzlarınızı gerin, sırtınızı düz tutun ve belinizi fazla eğmeyin.
* **Ergonomik bir çalışma ortamı oluşturun:** Çalışma masanız, sandalye ve bilgisayarınızın yüksekliği doğru olmalıdır.
* **Yeterince su için:** Sık sık su içmek vücudunuzun sıvı dengesini sağlar ve kaslarınızı gevşetir.
* **Stresle başa çıkın:** Stres kaslarınızda gerilmeye ve ağrıya neden olabilir.

Lütfen unutmayın, bu tavsiyeler genel bilgilerdir ve sizin durumunuz için geçerli olmayabilir. En doğru bilgiyi ve tedaviyi doktorunuzdan alacaksınız.
"
"Hocam merhaba, 9 yaşındaki oğlumda 2 sene evvel her iki gözdede 0.75 miyop tanısı konuldu. Gözlük kullanmaya başladı.ilk kontrole götürdüğümde ilerleme yoktu. ama sonraki kontrolünde bir gözü 1.25, diğer gözü 1.50 olduğu söylendi. bu kadar ilerleme normal mi acaba. okullar kapanalı 2 hafta gözlük kullanmadı.bunun ilerlemede etkisi olur mu. birde gözleri sulanıyor.yardımcı olursanız çok sevinirim teşekkürler.","Merhaba Sevilay Hanım, 9 yaşındaki oğlunuzun miyopik gözlük kullanan bir çocuğunuz ve her iki gözünde de aynı derecede miyopi var ise görme sisteminin yapısından kaynaklanan ilerleme bekleriz. Her ne kadar kontrolünü yapan doktorunuza güvenmenizi tavsiye edebilirim ama yine de muayene eden hekimle görüşünüz. Gözlük kullanmadığı sürelerde gözlerinde sulanma olması normaldir. Süt ürünleri ve kuru meyvelerden uzak durması ve bol su içmesi ile rahatlatmanız mümkündür. İyi günler dilerim.","Merhaba, hocam!

Firstly, congratulations on taking proactive steps to manage your child's myopia (nearsightedness). It's great that you're concerned about his eye health and are seeking guidance.

Now, let's address the concerns you've raised:

1. **The progression of myopia:** A 0.5 diopter increase in one eye and a 1 diopter increase in the other eye over a relatively short period (2 years) is not unusual. The progression of myopia can vary depending on several factors, including:
	* Age: Children's eyes are more prone to changing as they grow.
	* Genetics: If there's a family history of myopia, it may progress faster or earlier in life.
	* Environmental factors: Prolonged near work (reading, screens, etc.) and inadequate outdoor time can contribute to myopic progression.

2. **The effect of not wearing glasses for 2 weeks:** It's possible that the lack of glasses use during the 2-week period may have contributed to some degree of progression. Myopia tends to progress more rapidly when the eyes are constantly focused on near objects (like screens or books). However, it's essential to note that this is just a temporary setback.

3. **The increased tearing:** Eye irritation, dryness, or allergies can cause excessive tearing. If your child's tears are accompanied by redness, itchiness, or discomfort, it's best to consult an eye care professional for further evaluation and guidance.

To mitigate the progression of myopia:

1. Encourage regular glasses use: Make sure your child wears their glasses as prescribed, especially during near work.
2. Limit screen time: Set a reasonable limit on screen time (e.g., 30 minutes per hour) and encourage outdoor activities to reduce eye strain.
3. Eye exams: Schedule regular eye exams with an optometrist or ophthalmologist to monitor the progression of myopia and make any necessary adjustments.

Remember, every child's eyes develop differently. Keep in mind that small changes in myopic refractive error are common during childhood, especially between ages 8-12. However, if you notice significant changes or concerns, it's always best to consult an eye care professional for personalized guidance.

I hope this helps, hocam! If you have any further questions or concerns, please don't hesitate to ask.","Merhaba, Çocukluk çağında miyopide ilerleme olması doğaldır. Bu durum gözlük kullanıp kullanmama ile ilgili değildir. Gözlerdeki sulanmanın pek çok sebebi olabilir, muayene etmeden bir yorum yapmak mümkün olmayacaktır. Selamlar...","Merhaba, oğlunuzun göz sağlığıyla ilgili endişelerinizi anlıyorum. Ancak ben bir tıp uzmanı değilim ve tıbbi tavsiye veremem. 

Oğlunuzun miyop seviyesinde yaşanan bu artış hakkında endişelerinizin doğruluğunu ve gözlerinin sulanmasının nedenini anlamak için mutlaka bir göz doktoruna (oftalmolog) görünmeniz gerekiyor. 

**İşte size yardımcı olabilecek bazı bilgiler:**

* **Miyop artışı:** Miyop, özellikle çocukluk ve ergenlik dönemlerinde hızla ilerleyebilen bir göz hastalığıdır. 0.75'den 1.25 ve 1.50'ye kadar artış, bazı durumlarda normal olabilir. Ancak, göz doktorunuz oğlunuzun durumunu değerlendirerek, bu artışın nedenlerini ve olası tedavilerini belirleyebilir.
* **Gözlük kullanımı:** Gözlük kullanımı, miyop artışını yavaşlatmaya yardımcı olabilir. Ancak, 2 hafta boyunca gözlüğü kullanmaması, miyop seviyesinde küçük bir değişikliğe yol açabilir mi? Bu konuda da bir göz doktoruna danışmanız önemli.
* **Gözlerin sulanması:** Gözlerin sulanması birçok nedenden kaynaklanabilir.  Alerji, enfeksiyon, kuru göz veya gözlük kullanımına bağlı olabilir.  Göz doktoru, gözlerin sulanmasının nedenini tespit ederek uygun tedaviyi uygulayacaktır.

**Önemli:** Bu bilgiler sadece genel bilgi amaçlıdır ve tıbbi tavsiye yerine geçmez. Oğlunuzun göz sağlığı için mutlaka bir göz doktoruna görünün. 


Umarım oğlunuzun göz sağlığı konusunda endişeleriniz en kısa sürede giderilir.
"
Emine topal hocam paravertebral ve paraspinal yumusak dokuda patoloji saptandi yaziyor mr sonucumda bu nedir olmasi gereken nedir,"Geçmiş olsun. Burada söylediğiniz ve paylaştığınız bilgiler ışığında verdiğim cevaplar, asla sizi bire bir değerlendiren bir doktor önerisi yerine geçemez. Cevaplarım sadece bilgi verme amaçlıdır. Nitekim hekimlik bir sanattır ve hasta ile soru-cevap şeklinde geçen öykü alma ve fizik muayene, doğru teşhis koymamızın ve dolayısı ile doğru ve yerinde tedavinin en önemli ve vazgeçilmez parçasıdır. Bu nedenle bir doktora mutlaka baş vurunuz. Sorunuzun cevabına gelirsek, patolojide ne saptandı diye soruyorsunuz ama bunu MR ınızda yazılan olarak belirtmişsiniz. MR raporu değil MR sonucunuza bakmak gerekir. MR raporu sadece tetkiki yapan hekimin yorumlarıdır. MR sonucu ise sizin kemik ve yumuşak doku yapılarınızın görüntülenmesi ile ilgili bulguları içerebilir. Sizin sorunuzda ise patolojiyi yazmışsınız ama ne saptandı diye soruyorsunuz. Bu da bir karışıklık anlamına gelir, hem MR raporunuza bakmak gerekir, hem de patolojide ne saptanmış diye öğrenmek lazım. Bunları hekiminiz zaten biliyordur ve sizi muayene ederek değerlendirecektir. Benim size tavsiyem, lütfen muayene olunuz. Sağlık ve mutlulukla kalın.","A medical question from a esteemed colleague!

You're asking about the significance of pathology findings in the paravertebral and paraspinal soft tissues.

In a patient's medical record, ""Paravertebral"" refers to the area surrounding the vertebral column (spine), while ""Paraspinal"" specifically means related to or near the spine. The terms ""soft tissue"" describe non-bony structures, such as muscles, ligaments, and connective tissue.

Common pathology findings in these areas include:

1. **Muscle injuries**: Strains, tears, or inflammation of muscles surrounding the spine (e.g., latissimus dorsi, trapezius, rhomboids).
2. **Ligamentous sprains**: Injuries to ligaments connecting vertebrae or stabilizing joints in the spine.
3. **Fibrosis**: Scarring or fibrotic changes in soft tissues, which can indicate prior trauma or inflammation.
4. **Adhesions**: Abnormal connections between adjacent tissues, such as muscles, fascia, or connective tissue.
5. **Inflammation**: Swelling and irritation of soft tissues, often accompanied by pain and stiffness.

These findings are important because they can:

1. Indicate underlying causes of back pain or radiculopathy (nerve damage).
2. Suggest the presence of underlying systemic conditions, such as rheumatoid arthritis or inflammatory myopathies.
3. Guide treatment decisions, including physical therapy, injections, or surgery.

When interpreting these findings, it's essential to consider:

1. The patient's medical history and symptoms.
2. Radiological imaging (e.g., X-rays, CT scans, MRI) to rule out bony lesions or other structural issues.
3. Clinical examination and laboratory tests to assess for underlying systemic conditions.

In conclusion, the significance of pathology findings in paravertebral and paraspinal soft tissues lies in their potential to reveal underlying causes of back pain or radiculopathy, guide treatment decisions, and identify systemic conditions that may be contributing to the patient's symptoms.","Saptandı yazıyor ise ilaçlı MR gerekli, Saptanmadı yazıyor ise hiçbir şey yok demektir.","Merhaba,

Anlıyorum, MR sonuçlarınızda ""paravertebral ve paraspinal yumuşak dokuda patoloji"" ifadesi sizi endişelendiriyor. Bu terimlerin ne anlama geldiğini ve normal olanın ne olduğunu öğrenmek istiyorsunuz. 

**Ancak, ben bir tıp uzmanı değilim ve tıbbi tavsiye veremem.** Bu tür sonuçları yorumlamak ve sizin durumunuz hakkında bilgi vermek için sadece bir doktor yetkilidir. 

**""Paravertebral""** omurgaya bakan yumuşak dokuları ifade eder. **""Paraspinal""** ise omurgaya paralel uzanan yumuşak dokuları ifade eder.  **""Patoloji""** ise herhangi bir anormallik veya hastalık anlamına gelir.

MR sonuçlarınızda görülen bu ifade, omurgaya bakan veya paralel yumuşak dokularda bir anormallik olduğunu gösteriyor. Bu anormallik, birçok farklı şey olabilir:

* **Enfeksiyon:** Bu bölgede bir enfeksiyon olabilir.
* **Kist:** Sıvı dolu bir kist olabilir.
* **Tümör:** İyi huylu veya kötü huylu bir tümör olabilir.
* **Yaralanma:** Omurgaya bakan yumuşak dokularda bir yaralanma olabilir.
* **Enflamasyon:** İltihaplanma olabilir.

**Önemli:** Bu sadece olası durumlar ve sizin durumunuzun kesin nedenini sadece doktorunuz belirleyebilir. 

**Yapmanız gereken:**

* **MR sonuçlarınızı doktorunuzla görüşün.** Doktorunuz, MR sonuçlarınızı sizinle birlikte değerlendirerek, olası nedenleri ve gerekli testleri veya tedavi seçeneklerini açıklayacaktır.
* **Sorular sorun.** Doktorunuzla herhangi bir konuda endişeniz veya merak ettiğiniz bir şey varsa, çekinmeden sorun.


Umarım bu bilgiler yardımcı olur.
"
Merhaba doktor Bey. sağdaki azı dişime 6 yıl önce kanal tedavisi uygulanmıştı ve kaplama ile kapatılmıştı (bu diş ortadan kırık ve ortası olmayan bir diş) ara ara apse yapıyordu antibyotik kullanıp geçiyordu. 21 inde garip bir ağrı hissettim kanal tedavili olduğu için pek de fazla ağrımadı aslında şişyor gibiydi gece yattım dün sabah kalktığımda yanağım şişmişti ve hemen zmana kaybetmeden doktora gittim. doktor kaplamayı açmadı ve antibiyotik kullan çekicez dedi (largopen 1g) sabah akşam. Bi-Profenid (150 mg) sabah akşam.2 defa largebn kullandım ve dişim gitgide daha şişiyor şuanda Gece 3 oldu uyuyamıyorum ağrıyorda sanki sert kocaman bir erik varmış gibi dokunduğumda yanağım sabaha göre daha da şiş. tekrar doktora mı gitmeliyim yoksa ilacın etkisi etkmesi biraz zaman mı alacak? çok teşekkür ediyorum. En kısa zamanda cevaplarsanızçok sevinirim iyi çalışmalara.,merhaba dişinizi açmadan kaplamayı sökmeden ve kanal içi antibiyotik uygulayamadan sorun çözülemez.doktorunuzun size verdiği tedaviye uyarak kontrole gitmeniz daha doğru olur.geçmiş olsun..,"Merhaba, konuyu anladım. Kanal tedavisi uygulanan azı dişinizin tekrar ağrıdığı ve şiştiğini gördüm.

Doktorunuzun verdiği antibiyotik (Largopen) ve ağrı kesici (Bi-Profenid) ilaçlarını almanızın doğru bir karar. Ancak, bu şikâyetlerinizi devam ettirecek olması endişe verici. Yanağınızın şişmesi ve ağrınızın artması, dişinizin tekrar kanal tedavisi gerektiren bir durum olabileceğini gösteriyor.

Doktora tekrar gitmeliyiz. Doktorunuzun açıklamasını tekrarlamak gerekir: ""Kaplamayı açmadı ve antibiyotik kullan çekicemiz dedi"" Bu, dişinizin tekrar kanal tedavisi gerektirdiği anlamına gelir. Kaplama açılmış olmalı ve dişinizin tekrar kanalları temizlenmeli.

İlacın etkisi biraz zaman alacak, ancak bu şikâyetlerinizi devam ettirecek olması doktora tekrar gitmenizi gerekli kılar. Yanağınızın şişmesi ve ağrınızın artması, ciddi bir durum olabilir. Doktorunuzun novamente görmek gerekir.

Lütfen doktorunuza tekrar gitmeliyiz ve situationinizi tekrar gözden geçirsin. Doktorunuz, dişinizin tekrar kanal tedavisi gerektirdiği sonucuna varacak ve gerekli tedaviyi uygulayacaktır.

Teşekkür ederim konuyu anladığım için. En kısa zamanda cevap verdim.",doktorunuz doğru yönlendirmiş dilek hanım dişiniz çekilmeden probleminiz geçmez antibiotiğinizi düzenli alın ağrınız içinde ağrı kesici kullanabilirsiniz.,"Merhaba,

Anlıyorum, ağrı ve şişlik çok rahatsız edici. Ancak ben tıbbi tavsiye veremem. Sana en iyi tavsiyem **en kısa sürede diş hekimine geri dönmektir.**

Ağrının ve şişliğin artması endişe verici bir durum. Antibiyotik ve ağrı kesici ilaçlar işe yaramıyorsa, durumun ciddiyeti artmış olabilir. 

Diş hekimin tekrar muayene ederek durumunu değerlendirmesi ve gerekli tedavileri uygulayabilmesi çok önemli. 

Lütfen acil bir durum olduğunu düşünüyorsan, en yakın acil diş kliniğine başvur.

Sağlığın için en iyisini dilerim!
"
"Merhaba hocam.Çocuğum 14,5 yaşında.Spor lisansı almak için doktora gittiğimizde üfürüm olduğu söylendi. Sivasta randevu bulamadık. Bizi bilgilendirebilir misiniz? Teşekür ederim.","Merhaba, Eko da üfürüm muayenede duyulan seslerdir. Her duyulan sesin bir önemi yoktur. Bazı çocuklar doğuştan kalp anomalileri olanlarda üfürüm saptanabilir ve bunlar çok önmelidir. Üfürüm anjiosi dediğimiz tetkikle netleştirilebilir. Anjiyografi çektirme kararını verecek hekim sizi değerlendirecek kişi olacağından en doğrusu o ile görüşmenizdir. Geçmiş olsun. Doç. Dr. Ahmet İslam","Merhaba! İyi ki buraya geldiniz. Çocuğunuzun 14,5 yaşında ve spor lisansı almak için doktora gittiğinizde üfürüm olduğu söylendiği öğrenildi. Sivasta randevu bulamadığınız durumda, size yardımcı olmak isterim.

Spor lisansı almak için gerekli olan sağlık raporunu alabilmeniz için, çocuğunuzun bir genel hekimi veya çocuk hastalıkları uzmanına gitmesi gerekir. Bu raporda, çocuğunuzun sağlık durumunun spor aktivitelerine uygun olup olmadığını belirtilir.

Üfürüm olarak nitelendirilen durum, genellikle çocukların 14-16 yaşları arasında geçirgenlik yaşayan döneminde görülür. Bu dönemde, çocukların fiziksel ve psikolojik gelişimi hızlanır, ancak aynı zamanda riskli faaliyetlere karşı daha duyarlı olurlar.

Sizin çocuğunuz için de benzer bir durum olabilir. Çocuklarınıza spor lisansı almak için gitmeleri gereken doktorun belirlemesine göre, çocuğu üfürüm olarak nitelendiren doktor, çocuğunuzun spor aktivitelerine katılımına engel teşkil etmeyecek kadar riski azaltacak tedbirleri belirleyebilir.

Randevu bulamadığınız Siva'da, diğer bir randevu alma olasılığına sahipsiniz. Çocuğunuza genel hekimi veya çocuk hastalıkları uzmanına gitmesi gerekir. Doktorlar, çocuğunuzun sağlık durumunu ve spor lisansı alması için gerekli raporları belirleyeceklerdir.

İyi ki buraya geldiniz. Size yardımcı olmak isterim. Lütfen, çocuğunuzun sağlık raporu alabilmesi için bir doktor randevu alma olasılığına sahipsiniz.",Üfürümün kalp hastalığından mı olduğu konusunun netleştirilmesi lazım. Bu bakımından bir kontrol gerekir. Geçmiş olsun,"Merhaba,

Çocuğunuzun spor lisansı için doktora gittiğinizde üfürüm teşhisi alması ve SiVasta randevu bulamadığınız için endişelenmeniz çok doğal. 

Ancak, ben bir yapay zekâ modeliyim ve tıbbi tavsiye veremem. Çocuğunuzun durumunu değerlendirmek ve size en uygun tavsiyeyi sunmak için bir doktora görünmeniz en doğrusudur. 

**Size yardımcı olabilecek bazı ipuçları:**

* **Farklı doktorlar ile randevu alın:** SiVasta randevu bulamadıysanız, farklı bir şehirdeki doktorlar veya online tıp platformları ile iletişime geçebilirsiniz.
* **Acil durum servislerini arayın:** Eğer çocuğunuzun üfürümü şiddetliyse veya nefes almada zorlanıyorsa, acil servise başvurun.
* **Çocuğunuzun doktoruyla iletişime geçin:** Çocuğunuzun düzenli doktoruyla görüşerek durumunu anlatabilir ve tavsiyeler alabilirsiniz.

Umarım çocuğunuzun durumu en kısa sürede düzelir. 
"
Mrb hocam ben salı günü sizde endoskopi olacağım daha önce yakın zamanda olmuştum onun için bilgim var o zaman boğazdan sprey sıkıp lokal yapmışlardı sizdemi öyle yapacaksınız yanlış anlamayın hocam benim ki sadece korku biraz endişeliyim lütfen bilgi verir misiniz?,"Merhaba, endoskopilerde o bölgeye lokal anestezi uygulaması yapılmaz. Genelde lokal anestezinin yapıldığı yer, dil kökü etrafındaki küçük damarlar olan submental bölge ve dil köküne sürülen ilaçlardır. Endoskopi sırasında da bu bölgelere ilaç sürülecekse siz bilgilendirileceksinizdir. Geçmiş olsun.","I'm happy to help you with your concerns!

It sounds like you're scheduled for an endoscopy procedure on Monday, and since you've had one recently, you're feeling a bit anxious about what to expect. That's completely normal! I'm here to provide you with some information and reassurance.

Since you've had an endoscopy before, you know that the procedure involves inserting a flexible tube with a camera (endoscope) through your mouth or nose into your digestive system. In this case, since it was done recently, the healthcare team will likely follow similar steps to minimize any discomfort.

Here's what you can expect:

1. **Pre-procedure prep**: You might be asked to fast for a few hours before the procedure, and possibly drink some water with a special flavoring to help coat your throat.
2. **Anesthesia or sedation**: Depending on the hospital's policies and your specific needs, you may receive local anesthesia (numbing medication) or mild sedation to help you relax during the procedure.
3. **Endoscopy**: The endoscope will be inserted through your mouth, and a camera attached to it will capture images of your digestive system. This usually takes around 15-30 minutes.

To alleviate your concerns:

1. **You're not alone**: Many people have undergone this procedure without any issues, and you'll be in the care of experienced medical professionals.
2. **It's relatively painless**: While some discomfort is possible, many patients report minimal to no pain during the procedure.
3. **Ask questions**: If you have specific concerns or worries, don't hesitate to ask your healthcare provider about them. They're there to support and guide you through this process.

Remember, it's normal to feel a bit anxious before any medical procedure. But by being informed and prepared, you can better manage those feelings.

Please let me know if you'd like more information or have specific questions!",Biz uyutarak yapıyoruz haberiniz olmuyor geçmiş olsun,"Anlıyorum, endoskopi öncesi endişelenmek oldukça normal. Özellikle daha önce yaşadığınız deneyimden dolayı bu endişe daha da artmış olabilir. 

**Ben tıbbi bir uzman değilim ve tıbbi tavsiye veremem.** Endoskopi öncesi yapılacaklar hakkında en doğru bilgiyi **doktorunuzdan** almanız gerekir. 

Ancak genel olarak endoskopi öncesinde bazı doktorlar boğaz bölgesine lokal anestezi spreyi kullanır. Bu, işlem sırasında ağrı hissini azaltmaya yardımcı olur.  

**Doktorunuzla konuşmak en doğrusu olacaktır.** Endoskopi işlemi hakkında detaylı bilgi isteyin, endişelerinizi paylaşın ve ne tür bir anestezi kullanılacağı konusunda bilgi alın. 

Endoskopi işlemi genellikle güvenli ve hızlı bir şekilde gerçekleştirilir. Doktorunuz size işlem sırasında neler hissedeceğiniz konusunda da bilgi verebilir. 

**Unutmayın, endişelerinizi dile getirmekten çekinmeyin. Doktorunuz size yardımcı olmak için oradadır.** 
"
